session_id,user_id_hash,timestamp,page,event_type,element,time_on_page_s
1b6b7eb51e2fe3e5,4563c20b7ce46afe,2026-08-01 03:42:43,selecao_cartao,page_view,"",4.7
1b6b7eb51e2fe3e5,4563c20b7ce46afe,2026-08-01 03:42:47,motivo_bloqueio,page_view,"",11.4
1b6b7eb51e2fe3e5,4563c20b7ce46afe,2026-08-01 03:42:47,selecao_cartao,click,item_cartao,
1b6b7eb51e2fe3e5,4563c20b7ce46afe,2026-08-01 03:42:58,motivo_bloqueio,click,btn_continuar,
1b6b7eb51e2fe3e5,4563c20b7ce46afe,2026-08-01 03:42:59,confirmacao_bloqueio,page_view,"",5.2
1b6b7eb51e2fe3e5,4563c20b7ce46afe,2026-08-01 03:43:03,confirmacao_bloqueio,click,btn_confirmar_bloqueio,
1b6b7eb51e2fe3e5,4563c20b7ce46afe,2026-08-01 03:43:06,resultado_bloqueio,page_view,"",4.9
1b6b7eb51e2fe3e5,4563c20b7ce46afe,2026-08-01 03:43:11,resultado_bloqueio,click,btn_concluir,
139853e0d998e571,9272fa932411553e,2026-08-01 15:39:11,selecao_cartao,page_view,"",6.0
139853e0d998e571,9272fa932411553e,2026-08-01 15:39:16,motivo_bloqueio,page_view,"",21.9
139853e0d998e571,9272fa932411553e,2026-08-01 15:39:16,selecao_cartao,click,item_cartao,
139853e0d998e571,9272fa932411553e,2026-08-01 15:39:38,confirmacao_bloqueio,page_view,"",7.7
139853e0d998e571,9272fa932411553e,2026-08-01 15:39:38,motivo_bloqueio,click,btn_continuar,
139853e0d998e571,9272fa932411553e,2026-08-01 15:39:46,confirmacao_bloqueio,click,btn_confirmar_bloqueio,
139853e0d998e571,9272fa932411553e,2026-08-01 15:39:48,resultado_bloqueio,page_view,"",4.1
139853e0d998e571,9272fa932411553e,2026-08-01 15:39:52,resultado_bloqueio,click,btn_concluir,
3f27668f42bb2320,9a5fdb6c993292ad,2026-08-03 03:18:16,selecao_cartao,page_view,"",16.2
3f27668f42bb2320,9a5fdb6c993292ad,2026-08-03 03:18:20,selecao_cartao,rage_click,item_cartao,
3f27668f42bb2320,9a5fdb6c993292ad,2026-08-03 03:18:31,selecao_cartao,click,item_cartao,
3f27668f42bb2320,9a5fdb6c993292ad,2026-08-03 03:18:32,motivo_bloqueio,page_view,"",10.5
3f27668f42bb2320,9a5fdb6c993292ad,2026-08-03 03:18:42,confirmacao_bloqueio,page_view,"",4.3
3f27668f42bb2320,9a5fdb6c993292ad,2026-08-03 03:18:42,motivo_bloqueio,click,btn_continuar,
3f27668f42bb2320,9a5fdb6c993292ad,2026-08-03 03:18:46,confirmacao_bloqueio,click,btn_confirmar_bloqueio,
3f27668f42bb2320,9a5fdb6c993292ad,2026-08-03 03:18:49,resultado_bloqueio,page_view,"",5.7
3f27668f42bb2320,9a5fdb6c993292ad,2026-08-03 03:18:54,resultado_bloqueio,click,btn_concluir,
1fc600450966a1ba,eddfcbb93dedaccc,2026-08-03 07:49:49,desbloqueio,page_view,"",4.7
1fc600450966a1ba,eddfcbb93dedaccc,2026-08-03 07:49:53,desbloqueio,click,btn_desbloquear,
0c024ccbaa16bc2a,b15ead1212436baf,2026-08-04 15:48:32,selecao_cartao,page_view,"",6.7
0c024ccbaa16bc2a,b15ead1212436baf,2026-08-04 15:48:38,motivo_bloqueio,page_view,"",6.1
0c024ccbaa16bc2a,b15ead1212436baf,2026-08-04 15:48:38,selecao_cartao,click,item_cartao,
0c024ccbaa16bc2a,b15ead1212436baf,2026-08-04 15:48:44,confirmacao_bloqueio,page_view,"",6.2
0c024ccbaa16bc2a,b15ead1212436baf,2026-08-04 15:48:44,motivo_bloqueio,click,btn_continuar,
0c024ccbaa16bc2a,b15ead1212436baf,2026-08-04 15:48:50,confirmacao_bloqueio,click,btn_confirmar_bloqueio,
0c024ccbaa16bc2a,b15ead1212436baf,2026-08-04 15:48:53,resultado_bloqueio,page_view,"",2.7
0c024ccbaa16bc2a,b15ead1212436baf,2026-08-04 15:48:55,resultado_bloqueio,click,btn_concluir,
1d4a02bce2f6767c,cf35f0fa9a7fa5d7,2026-08-05 14:51:02,selecao_cartao,page_view,"",2.3
1d4a02bce2f6767c,cf35f0fa9a7fa5d7,2026-08-05 14:51:03,selecao_cartao,click,item_cartao,
1d4a02bce2f6767c,cf35f0fa9a7fa5d7,2026-08-05 14:51:04,motivo_bloqueio,page_view,"",7.6
1d4a02bce2f6767c,cf35f0fa9a7fa5d7,2026-08-05 14:51:11,confirmacao_bloqueio,page_view,"",3.5
1d4a02bce2f6767c,cf35f0fa9a7fa5d7,2026-08-05 14:51:11,motivo_bloqueio,click,btn_continuar,
1d4a02bce2f6767c,cf35f0fa9a7fa5d7,2026-08-05 14:51:14,confirmacao_bloqueio,click,btn_confirmar_bloqueio,
1d4a02bce2f6767c,cf35f0fa9a7fa5d7,2026-08-05 14:51:16,resultado_bloqueio,page_view,"",7.7
1d4a02bce2f6767c,cf35f0fa9a7fa5d7,2026-08-05 14:51:24,resultado_bloqueio,click,btn_concluir,
0f348d6c2f1567aa,b36293b1d24154bc,2026-08-05 15:29:13,selecao_cartao,page_view,"",14.1
0f348d6c2f1567aa,b36293b1d24154bc,2026-08-05 15:29:26,selecao_cartao,click,item_cartao,
0f348d6c2f1567aa,b36293b1d24154bc,2026-08-05 15:29:27,motivo_bloqueio,page_view,"",10.7
0f348d6c2f1567aa,b36293b1d24154bc,2026-08-05 15:29:37,confirmacao_bloqueio,page_view,"",21.8
0f348d6c2f1567aa,b36293b1d24154bc,2026-08-05 15:29:37,motivo_bloqueio,click,btn_continuar,
0ebe66102009ff5c,fa7bb567b3ce81a8,2026-08-05 17:06:39,selecao_cartao,page_view,"",10.5
0ebe66102009ff5c,fa7bb567b3ce81a8,2026-08-05 17:06:46,selecao_cartao,dead_click,item_cartao,
0ebe66102009ff5c,fa7bb567b3ce81a8,2026-08-05 17:06:48,selecao_cartao,click,item_cartao,
0ebe66102009ff5c,fa7bb567b3ce81a8,2026-08-05 17:06:49,motivo_bloqueio,page_view,"",12.8
0ebe66102009ff5c,fa7bb567b3ce81a8,2026-08-05 17:07:01,motivo_bloqueio,click,btn_continuar,
0ebe66102009ff5c,fa7bb567b3ce81a8,2026-08-05 17:07:02,confirmacao_bloqueio,page_view,"",4.5
0ebe66102009ff5c,fa7bb567b3ce81a8,2026-08-05 17:07:06,confirmacao_bloqueio,click,btn_confirmar_bloqueio,
0ebe66102009ff5c,fa7bb567b3ce81a8,2026-08-05 17:07:08,resultado_bloqueio,page_view,"",5.1
0ebe66102009ff5c,fa7bb567b3ce81a8,2026-08-05 17:07:12,resultado_bloqueio,click,btn_concluir,
0d6791c8a75e3abd,1ebc260afa4fa4ab,2026-08-06 09:51:53,selecao_cartao,page_view,"",11.9
0d6791c8a75e3abd,1ebc260afa4fa4ab,2026-08-06 09:52:04,motivo_bloqueio,page_view,"",10.3
0d6791c8a75e3abd,1ebc260afa4fa4ab,2026-08-06 09:52:04,selecao_cartao,click,item_cartao,
0d6791c8a75e3abd,1ebc260afa4fa4ab,2026-08-06 09:52:14,motivo_bloqueio,click,btn_continuar,
0d6791c8a75e3abd,1ebc260afa4fa4ab,2026-08-06 09:52:15,confirmacao_bloqueio,page_view,"",3.2
0d6791c8a75e3abd,1ebc260afa4fa4ab,2026-08-06 09:52:17,confirmacao_bloqueio,click,btn_confirmar_bloqueio,
0d6791c8a75e3abd,1ebc260afa4fa4ab,2026-08-06 09:52:21,resultado_bloqueio,page_view,"",3.5
0d6791c8a75e3abd,1ebc260afa4fa4ab,2026-08-06 09:52:24,resultado_bloqueio,click,btn_concluir,
04e2e91915a7992a,fd7ba46b83341a8d,2026-08-06 19:46:57,selecao_cartao,page_view,"",14.0
04e2e91915a7992a,fd7ba46b83341a8d,2026-08-06 19:47:10,motivo_bloqueio,page_view,"",15.8
04e2e91915a7992a,fd7ba46b83341a8d,2026-08-06 19:47:10,selecao_cartao,click,item_cartao,
04e2e91915a7992a,fd7ba46b83341a8d,2026-08-06 19:47:26,confirmacao_bloqueio,page_view,"",3.9
04e2e91915a7992a,fd7ba46b83341a8d,2026-08-06 19:47:26,motivo_bloqueio,click,btn_continuar,
04e2e91915a7992a,fd7ba46b83341a8d,2026-08-06 19:47:30,confirmacao_bloqueio,click,btn_confirmar_bloqueio,
04e2e91915a7992a,fd7ba46b83341a8d,2026-08-06 19:47:32,resultado_bloqueio,page_view,"",2.5
04e2e91915a7992a,fd7ba46b83341a8d,2026-08-06 19:47:34,resultado_bloqueio,click,btn_concluir,
04e2e91915a7992a,fd7ba46b83341a8d,2026-08-06 19:51:07,desbloqueio,page_view,"",11.6
04e2e91915a7992a,fd7ba46b83341a8d,2026-08-06 19:51:18,desbloqueio,click,btn_desbloquear,
049fc7d9fab18695,558e5930a092e0df,2026-08-07 15:27:41,selecao_cartao,page_view,"",6.6
049fc7d9fab18695,558e5930a092e0df,2026-08-07 15:27:47,motivo_bloqueio,page_view,"",23.4
049fc7d9fab18695,558e5930a092e0df,2026-08-07 15:27:47,selecao_cartao,click,item_cartao,
30c3803d0e2c05a2,7c02f9c17f0954ad,2026-08-09 19:58:10,selecao_cartao,page_view,"",8.6
30c3803d0e2c05a2,7c02f9c17f0954ad,2026-08-09 19:58:18,motivo_bloqueio,page_view,"",11.0
30c3803d0e2c05a2,7c02f9c17f0954ad,2026-08-09 19:58:18,selecao_cartao,click,item_cartao,
30c3803d0e2c05a2,7c02f9c17f0954ad,2026-08-09 19:58:29,confirmacao_bloqueio,page_view,"",5.0
30c3803d0e2c05a2,7c02f9c17f0954ad,2026-08-09 19:58:29,motivo_bloqueio,click,btn_continuar,
30c3803d0e2c05a2,7c02f9c17f0954ad,2026-08-09 19:58:34,confirmacao_bloqueio,click,btn_confirmar_bloqueio,
30c3803d0e2c05a2,7c02f9c17f0954ad,2026-08-09 19:58:37,resultado_bloqueio,page_view,"",4.7
30c3803d0e2c05a2,7c02f9c17f0954ad,2026-08-09 19:58:41,resultado_bloqueio,click,btn_concluir,
1652f3070a5ea357,2fae666ad0976fdb,2026-08-10 12:12:47,selecao_cartao,page_view,"",9.0
1652f3070a5ea357,2fae666ad0976fdb,2026-08-10 12:12:55,selecao_cartao,click,item_cartao,
1652f3070a5ea357,2fae666ad0976fdb,2026-08-10 12:12:56,motivo_bloqueio,page_view,"",16.7
1652f3070a5ea357,2fae666ad0976fdb,2026-08-10 12:13:12,confirmacao_bloqueio,page_view,"",6.2
1652f3070a5ea357,2fae666ad0976fdb,2026-08-10 12:13:12,motivo_bloqueio,click,btn_continuar,
1652f3070a5ea357,2fae666ad0976fdb,2026-08-10 12:13:16,confirmacao_bloqueio,dead_click,btn_confirmar_bloqueio,
02f9b311874a5f19,d116576f756a46bb,2026-08-11 06:47:31,selecao_cartao,page_view,"",5.1
02f9b311874a5f19,d116576f756a46bb,2026-08-11 06:47:35,selecao_cartao,click,item_cartao,
02f9b311874a5f19,d116576f756a46bb,2026-08-11 06:47:36,motivo_bloqueio,page_view,"",17.3
02f9b311874a5f19,d116576f756a46bb,2026-08-11 06:47:52,motivo_bloqueio,click,btn_continuar,
02f9b311874a5f19,d116576f756a46bb,2026-08-11 06:47:53,confirmacao_bloqueio,page_view,"",4.6
02f9b311874a5f19,d116576f756a46bb,2026-08-11 06:47:57,confirmacao_bloqueio,click,btn_confirmar_bloqueio,
02f9b311874a5f19,d116576f756a46bb,2026-08-11 06:47:59,resultado_bloqueio,page_view,"",4.4
02f9b311874a5f19,d116576f756a46bb,2026-08-11 06:48:03,resultado_bloqueio,click,btn_concluir,
301c549f5d4d3fa2,e26bf11d2f219837,2026-08-11 19:49:20,desbloqueio,page_view,"",4.4
301c549f5d4d3fa2,e26bf11d2f219837,2026-08-11 19:49:24,desbloqueio,click,btn_desbloquear,
0b9966a6652dd703,b984351bdf9373ec,2026-08-13 10:03:30,selecao_cartao,page_view,"",7.5
0b9966a6652dd703,b984351bdf9373ec,2026-08-13 10:03:37,motivo_bloqueio,page_view,"",10.5
0b9966a6652dd703,b984351bdf9373ec,2026-08-13 10:03:37,selecao_cartao,click,item_cartao,
0b9966a6652dd703,b984351bdf9373ec,2026-08-13 10:03:47,motivo_bloqueio,click,btn_continuar,
0b9966a6652dd703,b984351bdf9373ec,2026-08-13 10:03:48,confirmacao_bloqueio,page_view,"",4.5
0b9966a6652dd703,b984351bdf9373ec,2026-08-13 10:03:52,confirmacao_bloqueio,click,btn_confirmar_bloqueio,
0b9966a6652dd703,b984351bdf9373ec,2026-08-13 10:03:55,resultado_bloqueio,page_view,"",4.1
0b9966a6652dd703,b984351bdf9373ec,2026-08-13 10:03:57,resultado_bloqueio,dead_click,btn_concluir,
0b9966a6652dd703,b984351bdf9373ec,2026-08-13 10:03:58,resultado_bloqueio,click,btn_concluir,
35cd448880f39334,dd144fe1aed6e2f8,2026-08-13 15:08:20,desbloqueio,page_view,"",6.0
35cd448880f39334,dd144fe1aed6e2f8,2026-08-13 15:08:25,desbloqueio,click,btn_desbloquear,
243dd9d3c8517c8e,c4d5a842d3f31647,2026-08-13 18:30:49,selecao_cartao,page_view,"",3.1
243dd9d3c8517c8e,c4d5a842d3f31647,2026-08-13 18:30:51,selecao_cartao,click,item_cartao,
243dd9d3c8517c8e,c4d5a842d3f31647,2026-08-13 18:30:52,motivo_bloqueio,page_view,"",13.6
243dd9d3c8517c8e,c4d5a842d3f31647,2026-08-13 18:31:05,confirmacao_bloqueio,page_view,"",4.2
243dd9d3c8517c8e,c4d5a842d3f31647,2026-08-13 18:31:05,motivo_bloqueio,click,btn_continuar,
243dd9d3c8517c8e,c4d5a842d3f31647,2026-08-13 18:31:09,confirmacao_bloqueio,click,btn_confirmar_bloqueio,
243dd9d3c8517c8e,c4d5a842d3f31647,2026-08-13 18:31:11,resultado_bloqueio,page_view,"",1.7
243dd9d3c8517c8e,c4d5a842d3f31647,2026-08-13 18:31:12,resultado_bloqueio,click,btn_concluir,
243dd9d3c8517c8e,c4d5a842d3f31647,2026-08-13 18:33:34,desbloqueio,page_view,"",4.2
243dd9d3c8517c8e,c4d5a842d3f31647,2026-08-13 18:33:38,desbloqueio,click,btn_desbloquear,
317fce44b9ad977b,dced4c76d12edaa1,2026-08-14 12:49:32,desbloqueio,page_view,"",4.7
317fce44b9ad977b,dced4c76d12edaa1,2026-08-14 12:49:36,desbloqueio,click,btn_desbloquear,
348e45ca1453577b,9a2e77c534c29684,2026-08-14 16:54:05,selecao_cartao,page_view,"",7.7
348e45ca1453577b,9a2e77c534c29684,2026-08-14 16:54:12,motivo_bloqueio,page_view,"",14.2
348e45ca1453577b,9a2e77c534c29684,2026-08-14 16:54:12,selecao_cartao,click,item_cartao,
348e45ca1453577b,9a2e77c534c29684,2026-08-14 16:54:26,confirmacao_bloqueio,page_view,"",3.9
348e45ca1453577b,9a2e77c534c29684,2026-08-14 16:54:26,motivo_bloqueio,click,btn_continuar,
348e45ca1453577b,9a2e77c534c29684,2026-08-14 16:54:30,confirmacao_bloqueio,click,btn_confirmar_bloqueio,
348e45ca1453577b,9a2e77c534c29684,2026-08-14 16:54:33,resultado_bloqueio,page_view,"",2.4
348e45ca1453577b,9a2e77c534c29684,2026-08-14 16:54:35,resultado_bloqueio,click,btn_concluir,
2a328d198fdad4ff,11db7466f5bb86db,2026-08-15 01:54:57,desbloqueio,page_view,"",5.1
2a328d198fdad4ff,11db7466f5bb86db,2026-08-15 01:55:01,desbloqueio,click,btn_desbloquear,
3e5bc263a1800585,4130a912f2bf7588,2026-08-16 12:21:50,selecao_cartao,page_view,"",2.2
3e5bc263a1800585,4130a912f2bf7588,2026-08-16 12:21:51,selecao_cartao,click,item_cartao,
3e5bc263a1800585,4130a912f2bf7588,2026-08-16 12:21:52,motivo_bloqueio,page_view,"",15.0
3e5bc263a1800585,4130a912f2bf7588,2026-08-16 12:22:06,motivo_bloqueio,click,btn_continuar,
3e5bc263a1800585,4130a912f2bf7588,2026-08-16 12:22:07,confirmacao_bloqueio,page_view,"",3.0
3e5bc263a1800585,4130a912f2bf7588,2026-08-16 12:22:09,confirmacao_bloqueio,click,btn_confirmar_bloqueio,
3e5bc263a1800585,4130a912f2bf7588,2026-08-16 12:22:13,resultado_bloqueio,page_view,"",4.9
3e5bc263a1800585,4130a912f2bf7588,2026-08-16 12:22:17,resultado_bloqueio,click,btn_concluir,
3f33f01903ca5190,8aa01817ec30d0b8,2026-08-16 17:02:23,selecao_cartao,page_view,"",7.5
3f33f01903ca5190,8aa01817ec30d0b8,2026-08-16 17:02:30,motivo_bloqueio,page_view,"",17.3
3f33f01903ca5190,8aa01817ec30d0b8,2026-08-16 17:02:30,selecao_cartao,click,item_cartao,
3f33f01903ca5190,8aa01817ec30d0b8,2026-08-16 17:02:47,confirmacao_bloqueio,page_view,"",5.0
3f33f01903ca5190,8aa01817ec30d0b8,2026-08-16 17:02:47,motivo_bloqueio,click,btn_continuar,
3f33f01903ca5190,8aa01817ec30d0b8,2026-08-16 17:02:52,confirmacao_bloqueio,click,btn_confirmar_bloqueio,
3f33f01903ca5190,8aa01817ec30d0b8,2026-08-16 17:02:54,resultado_bloqueio,page_view,"",3.0
3f33f01903ca5190,8aa01817ec30d0b8,2026-08-16 17:02:56,resultado_bloqueio,click,btn_concluir,
1246837feb85dc79,02c1514577025ff5,2026-08-17 07:49:56,selecao_cartao,page_view,"",5.9
1246837feb85dc79,02c1514577025ff5,2026-08-17 07:50:01,motivo_bloqueio,page_view,"",19.3
1246837feb85dc79,02c1514577025ff5,2026-08-17 07:50:01,selecao_cartao,click,item_cartao,
13d2a811e449dd86,841413e36b582427,2026-08-18 04:52:19,selecao_cartao,page_view,"",6.3
13d2a811e449dd86,841413e36b582427,2026-08-18 04:52:24,selecao_cartao,click,item_cartao,
13d2a811e449dd86,841413e36b582427,2026-08-18 04:52:25,motivo_bloqueio,page_view,"",5.3
13d2a811e449dd86,841413e36b582427,2026-08-18 04:52:30,confirmacao_bloqueio,page_view,"",8.4
13d2a811e449dd86,841413e36b582427,2026-08-18 04:52:30,motivo_bloqueio,click,btn_continuar,
13d2a811e449dd86,841413e36b582427,2026-08-18 04:52:38,confirmacao_bloqueio,click,btn_confirmar_bloqueio,
13d2a811e449dd86,841413e36b582427,2026-08-18 04:52:41,resultado_bloqueio,page_view,"",5.6
13d2a811e449dd86,841413e36b582427,2026-08-18 04:52:43,resultado_bloqueio,rage_click,link_desbloquear,
13d2a811e449dd86,841413e36b582427,2026-08-18 04:52:46,resultado_bloqueio,click,btn_concluir,
2996ffb483c680ea,e1791a871be3e062,2026-08-18 11:54:15,selecao_cartao,page_view,"",4.4
2996ffb483c680ea,e1791a871be3e062,2026-08-18 11:54:18,selecao_cartao,click,item_cartao,
2996ffb483c680ea,e1791a871be3e062,2026-08-18 11:54:19,motivo_bloqueio,page_view,"",13.5
2996ffb483c680ea,e1791a871be3e062,2026-08-18 11:54:32,confirmacao_bloqueio,page_view,"",4.1
2996ffb483c680ea,e1791a871be3e062,2026-08-18 11:54:32,motivo_bloqueio,click,btn_continuar,
2996ffb483c680ea,e1791a871be3e062,2026-08-18 11:54:36,confirmacao_bloqueio,click,btn_confirmar_bloqueio,
2996ffb483c680ea,e1791a871be3e062,2026-08-18 11:54:38,resultado_bloqueio,page_view,"",3.8
2996ffb483c680ea,e1791a871be3e062,2026-08-18 11:54:41,resultado_bloqueio,click,btn_concluir,
34a3bbd7d30e61cb,65a7ae528595423f,2026-08-18 14:35:19,desbloqueio,page_view,"",5.8
34a3bbd7d30e61cb,65a7ae528595423f,2026-08-18 14:35:24,desbloqueio,click,btn_desbloquear,
1bdf084e3e010bb2,1e25e931a345642a,2026-08-18 23:59:37,selecao_cartao,page_view,"",9.5
1bdf084e3e010bb2,1e25e931a345642a,2026-08-18 23:59:45,selecao_cartao,click,item_cartao,
1bdf084e3e010bb2,1e25e931a345642a,2026-08-18 23:59:46,motivo_bloqueio,page_view,"",16.6
1bdf084e3e010bb2,1e25e931a345642a,2026-08-19 00:00:02,motivo_bloqueio,click,btn_continuar,
1bdf084e3e010bb2,1e25e931a345642a,2026-08-19 00:00:03,confirmacao_bloqueio,page_view,"",3.9
1bdf084e3e010bb2,1e25e931a345642a,2026-08-19 00:00:06,confirmacao_bloqueio,click,btn_confirmar_bloqueio,
1bdf084e3e010bb2,1e25e931a345642a,2026-08-19 00:00:08,resultado_bloqueio,page_view,"",4.2
1bdf084e3e010bb2,1e25e931a345642a,2026-08-19 00:00:11,resultado_bloqueio,click,btn_concluir,
1eb197c0bb7b6da1,b63a6f91dfd0ae8a,2026-08-19 15:54:34,selecao_cartao,page_view,"",8.4
1eb197c0bb7b6da1,b63a6f91dfd0ae8a,2026-08-19 15:54:41,selecao_cartao,click,item_cartao,
1eb197c0bb7b6da1,b63a6f91dfd0ae8a,2026-08-19 15:54:42,motivo_bloqueio,page_view,"",11.1
1eb197c0bb7b6da1,b63a6f91dfd0ae8a,2026-08-19 15:54:53,confirmacao_bloqueio,page_view,"",7.4
1eb197c0bb7b6da1,b63a6f91dfd0ae8a,2026-08-19 15:54:53,motivo_bloqueio,click,btn_continuar,
1eb197c0bb7b6da1,b63a6f91dfd0ae8a,2026-08-19 15:55:00,confirmacao_bloqueio,click,btn_confirmar_bloqueio,
1eb197c0bb7b6da1,b63a6f91dfd0ae8a,2026-08-19 15:55:03,resultado_bloqueio,page_view,"",2.9
1eb197c0bb7b6da1,b63a6f91dfd0ae8a,2026-08-19 15:55:05,resultado_bloqueio,click,btn_concluir,
10531ea2cd305af9,51f36f189847ca3f,2026-08-20 08:27:22,selecao_cartao,page_view,"",9.9
10531ea2cd305af9,51f36f189847ca3f,2026-08-20 08:27:31,motivo_bloqueio,page_view,"",12.2
10531ea2cd305af9,51f36f189847ca3f,2026-08-20 08:27:31,selecao_cartao,click,item_cartao,
10531ea2cd305af9,51f36f189847ca3f,2026-08-20 08:27:43,motivo_bloqueio,click,btn_continuar,
10531ea2cd305af9,51f36f189847ca3f,2026-08-20 08:27:44,confirmacao_bloqueio,page_view,"",10.1
3c53ff62c9fe988a,c3a27556901b1c95,2026-08-21 09:49:21,selecao_cartao,page_view,"",8.8
3c53ff62c9fe988a,c3a27556901b1c95,2026-08-21 09:49:29,motivo_bloqueio,page_view,"",15.4
3c53ff62c9fe988a,c3a27556901b1c95,2026-08-21 09:49:29,selecao_cartao,click,item_cartao,
3c53ff62c9fe988a,c3a27556901b1c95,2026-08-21 09:49:44,motivo_bloqueio,click,btn_continuar,
3c53ff62c9fe988a,c3a27556901b1c95,2026-08-21 09:49:45,confirmacao_bloqueio,page_view,"",3.0
3c53ff62c9fe988a,c3a27556901b1c95,2026-08-21 09:49:47,confirmacao_bloqueio,click,btn_confirmar_bloqueio,
3c53ff62c9fe988a,c3a27556901b1c95,2026-08-21 09:49:50,resultado_bloqueio,page_view,"",3.8
3c53ff62c9fe988a,c3a27556901b1c95,2026-08-21 09:49:54,resultado_bloqueio,click,btn_concluir,
192364ffbf2e1ba0,f3494a2c7e013fbd,2026-08-22 11:00:06,selecao_cartao,page_view,"",6.9
192364ffbf2e1ba0,f3494a2c7e013fbd,2026-08-22 11:00:12,motivo_bloqueio,page_view,"",14.7
192364ffbf2e1ba0,f3494a2c7e013fbd,2026-08-22 11:00:12,selecao_cartao,click,item_cartao,
192364ffbf2e1ba0,f3494a2c7e013fbd,2026-08-22 11:00:27,confirmacao_bloqueio,page_view,"",2.4
192364ffbf2e1ba0,f3494a2c7e013fbd,2026-08-22 11:00:27,motivo_bloqueio,click,btn_continuar,
192364ffbf2e1ba0,f3494a2c7e013fbd,2026-08-22 11:00:29,confirmacao_bloqueio,click,btn_confirmar_bloqueio,
192364ffbf2e1ba0,f3494a2c7e013fbd,2026-08-22 11:00:32,resultado_bloqueio,page_view,"",3.3
192364ffbf2e1ba0,f3494a2c7e013fbd,2026-08-22 11:00:35,resultado_bloqueio,click,btn_concluir,
3436506a78968e02,78ffa47c632f7182,2026-08-22 15:10:14,desbloqueio,page_view,"",5.0
3436506a78968e02,78ffa47c632f7182,2026-08-22 15:10:18,desbloqueio,click,btn_desbloquear,
18c8c00699b1a94b,ccf803f50926afcc,2026-08-24 11:29:23,selecao_cartao,page_view,"",7.3
18c8c00699b1a94b,ccf803f50926afcc,2026-08-24 11:29:29,selecao_cartao,click,item_cartao,
18c8c00699b1a94b,ccf803f50926afcc,2026-08-24 11:29:30,motivo_bloqueio,page_view,"",5.0
18c8c00699b1a94b,ccf803f50926afcc,2026-08-24 11:29:34,motivo_bloqueio,click,btn_continuar,
18c8c00699b1a94b,ccf803f50926afcc,2026-08-24 11:29:35,confirmacao_bloqueio,page_view,"",1.9
18c8c00699b1a94b,ccf803f50926afcc,2026-08-24 11:29:36,confirmacao_bloqueio,click,btn_confirmar_bloqueio,
18c8c00699b1a94b,ccf803f50926afcc,2026-08-24 11:29:38,resultado_bloqueio,page_view,"",2.5
18c8c00699b1a94b,ccf803f50926afcc,2026-08-24 11:29:40,resultado_bloqueio,click,btn_concluir,
3700efd6207d8da4,b1aa22f03632d040,2026-08-25 00:14:27,desbloqueio,page_view,"",4.6
3700efd6207d8da4,b1aa22f03632d040,2026-08-25 00:14:31,desbloqueio,click,btn_desbloquear,
1ed5d8e07109264b,432bafd889cb1a59,2026-08-25 01:50:39,selecao_cartao,page_view,"",7.2
1ed5d8e07109264b,432bafd889cb1a59,2026-08-25 01:50:45,selecao_cartao,click,item_cartao,
1ed5d8e07109264b,432bafd889cb1a59,2026-08-25 01:50:46,motivo_bloqueio,page_view,"",17.0
1ed5d8e07109264b,432bafd889cb1a59,2026-08-25 01:51:02,motivo_bloqueio,click,btn_continuar,
1ed5d8e07109264b,432bafd889cb1a59,2026-08-25 01:51:03,confirmacao_bloqueio,page_view,"",10.1
1ed5d8e07109264b,432bafd889cb1a59,2026-08-25 01:51:12,confirmacao_bloqueio,click,btn_confirmar_bloqueio,
1ed5d8e07109264b,432bafd889cb1a59,2026-08-25 01:51:16,resultado_bloqueio,page_view,"",2.6
1ed5d8e07109264b,432bafd889cb1a59,2026-08-25 01:51:18,resultado_bloqueio,click,btn_concluir,
2e533a755f68bf89,6fe77d13dea01702,2026-08-25 06:03:56,desbloqueio,page_view,"",4.5
2e533a755f68bf89,6fe77d13dea01702,2026-08-25 06:04:00,desbloqueio,click,btn_desbloquear,
1bf240c356547d9b,198592e4ce256ec1,2026-08-25 11:35:10,desbloqueio,page_view,"",1.8
1bf240c356547d9b,198592e4ce256ec1,2026-08-25 11:35:11,desbloqueio,click,btn_desbloquear,
2b634a5e40613db3,f94182d8f8918d17,2026-08-25 13:04:53,selecao_cartao,page_view,"",3.6
2b634a5e40613db3,f94182d8f8918d17,2026-08-25 13:04:56,motivo_bloqueio,page_view,"",12.0
2b634a5e40613db3,f94182d8f8918d17,2026-08-25 13:04:56,selecao_cartao,click,item_cartao,
2b634a5e40613db3,f94182d8f8918d17,2026-08-25 13:05:08,confirmacao_bloqueio,page_view,"",6.9
2b634a5e40613db3,f94182d8f8918d17,2026-08-25 13:05:08,motivo_bloqueio,click,btn_continuar,
1e18dc8d7d0871e4,1c11ee7f66c9466d,2026-08-25 13:07:31,selecao_cartao,page_view,"",10.5
1e18dc8d7d0871e4,1c11ee7f66c9466d,2026-08-25 13:07:41,motivo_bloqueio,page_view,"",8.8
1e18dc8d7d0871e4,1c11ee7f66c9466d,2026-08-25 13:07:41,selecao_cartao,click,item_cartao,
1e18dc8d7d0871e4,1c11ee7f66c9466d,2026-08-25 13:07:49,motivo_bloqueio,click,btn_continuar,
1e18dc8d7d0871e4,1c11ee7f66c9466d,2026-08-25 13:07:50,confirmacao_bloqueio,page_view,"",4.6
1e18dc8d7d0871e4,1c11ee7f66c9466d,2026-08-25 13:07:54,confirmacao_bloqueio,click,btn_confirmar_bloqueio,
1e18dc8d7d0871e4,1c11ee7f66c9466d,2026-08-25 13:07:56,resultado_bloqueio,page_view,"",2.6
1e18dc8d7d0871e4,1c11ee7f66c9466d,2026-08-25 13:07:58,resultado_bloqueio,click,btn_concluir,
3fefa7c07174e136,b01bd484ff5d8d3b,2026-08-25 16:03:13,selecao_cartao,page_view,"",9.4
3fefa7c07174e136,b01bd484ff5d8d3b,2026-08-25 16:03:21,selecao_cartao,click,item_cartao,
3fefa7c07174e136,b01bd484ff5d8d3b,2026-08-25 16:03:22,motivo_bloqueio,page_view,"",16.6
3fefa7c07174e136,b01bd484ff5d8d3b,2026-08-25 16:03:38,motivo_bloqueio,click,btn_continuar,
3fefa7c07174e136,b01bd484ff5d8d3b,2026-08-25 16:03:39,confirmacao_bloqueio,page_view,"",2.8
3fefa7c07174e136,b01bd484ff5d8d3b,2026-08-25 16:03:41,confirmacao_bloqueio,click,btn_confirmar_bloqueio,
3fefa7c07174e136,b01bd484ff5d8d3b,2026-08-25 16:03:43,resultado_bloqueio,page_view,"",2.2
3fefa7c07174e136,b01bd484ff5d8d3b,2026-08-25 16:03:45,resultado_bloqueio,click,btn_concluir,
1ae2eee9bd583470,b8f58f31d74e129e,2026-08-26 14:09:06,selecao_cartao,page_view,"",4.2
1ae2eee9bd583470,b8f58f31d74e129e,2026-08-26 14:09:07,selecao_cartao,dead_click,btn_voltar,
1ae2eee9bd583470,b8f58f31d74e129e,2026-08-26 14:09:09,selecao_cartao,click,item_cartao,
1ae2eee9bd583470,b8f58f31d74e129e,2026-08-26 14:09:10,motivo_bloqueio,page_view,"",16.1
1ae2eee9bd583470,b8f58f31d74e129e,2026-08-26 14:09:25,motivo_bloqueio,click,btn_continuar,
1ae2eee9bd583470,b8f58f31d74e129e,2026-08-26 14:09:26,confirmacao_bloqueio,page_view,"",14.7
00f811e048861d60,1a46558a82469d24,2026-08-26 15:27:03,selecao_cartao,page_view,"",8.3
00f811e048861d60,1a46558a82469d24,2026-08-26 15:27:10,selecao_cartao,click,item_cartao,
00f811e048861d60,1a46558a82469d24,2026-08-26 15:27:11,motivo_bloqueio,page_view,"",109.1
34943edb6c743526,841413e36b582427,2026-08-27 15:58:48,desbloqueio,page_view,"",6.1
34943edb6c743526,841413e36b582427,2026-08-27 15:58:54,desbloqueio,click,btn_desbloquear,
0cb2b6553665f6be,7778db9348d7879e,2026-08-28 17:27:54,selecao_cartao,page_view,"",4.4
0cb2b6553665f6be,7778db9348d7879e,2026-08-28 17:27:57,selecao_cartao,click,item_cartao,
0cb2b6553665f6be,7778db9348d7879e,2026-08-28 17:27:58,motivo_bloqueio,page_view,"",13.8
0cb2b6553665f6be,7778db9348d7879e,2026-08-28 17:28:11,motivo_bloqueio,click,btn_continuar,
0cb2b6553665f6be,7778db9348d7879e,2026-08-28 17:28:12,confirmacao_bloqueio,page_view,"",4.7
0cb2b6553665f6be,7778db9348d7879e,2026-08-28 17:28:16,confirmacao_bloqueio,click,btn_confirmar_bloqueio,
0cb2b6553665f6be,7778db9348d7879e,2026-08-28 17:28:18,resultado_bloqueio,page_view,"",1.4
0cb2b6553665f6be,7778db9348d7879e,2026-08-28 17:28:19,resultado_bloqueio,click,btn_concluir,
0b33beec067c5d12,bd5f7e1f6f5e980c,2026-08-29 08:49:39,selecao_cartao,page_view,"",2.2
0b33beec067c5d12,bd5f7e1f6f5e980c,2026-08-29 08:49:40,selecao_cartao,click,item_cartao,
0b33beec067c5d12,bd5f7e1f6f5e980c,2026-08-29 08:49:41,motivo_bloqueio,page_view,"",9.4
0b33beec067c5d12,bd5f7e1f6f5e980c,2026-08-29 08:49:50,confirmacao_bloqueio,page_view,"",2.9
0b33beec067c5d12,bd5f7e1f6f5e980c,2026-08-29 08:49:50,motivo_bloqueio,click,btn_continuar,
0b33beec067c5d12,bd5f7e1f6f5e980c,2026-08-29 08:49:53,confirmacao_bloqueio,click,btn_confirmar_bloqueio,
0b33beec067c5d12,bd5f7e1f6f5e980c,2026-08-29 08:49:55,resultado_bloqueio,page_view,"",1.7
0b33beec067c5d12,bd5f7e1f6f5e980c,2026-08-29 08:49:56,resultado_bloqueio,click,btn_concluir,
25b9e9a415a7f870,072c4c4dcde25ee1,2026-08-30 21:07:23,selecao_cartao,page_view,"",5.2
25b9e9a415a7f870,072c4c4dcde25ee1,2026-08-30 21:07:27,selecao_cartao,click,item_cartao,
25b9e9a415a7f870,072c4c4dcde25ee1,2026-08-30 21:07:28,motivo_bloqueio,page_view,"",6.4
25b9e9a415a7f870,072c4c4dcde25ee1,2026-08-30 21:07:34,confirmacao_bloqueio,page_view,"",8.6
25b9e9a415a7f870,072c4c4dcde25ee1,2026-08-30 21:07:34,motivo_bloqueio,click,btn_continuar,
25b9e9a415a7f870,072c4c4dcde25ee1,2026-08-30 21:07:42,confirmacao_bloqueio,click,btn_confirmar_bloqueio,
25b9e9a415a7f870,072c4c4dcde25ee1,2026-08-30 21:07:46,resultado_bloqueio,page_view,"",1.9
25b9e9a415a7f870,072c4c4dcde25ee1,2026-08-30 21:07:47,resultado_bloqueio,click,btn_concluir,
