user_id_hash,faixa_etaria,segmento,plataforma,tempo_de_conta
e6cea4bddfc4019e,45-59,Aurora,android,6-24m
6ccac48fdcc8b9d9,60+,Boreal,android,<6m
072c4c4dcde25ee1,35-44,Aurora,ios,6-24m
d4692ce5341fbf22,35-44,Aurora,ios,6-24m
63b95b07451bf375,25-34,Cerrado,ios,5a+
0082093ea3826f5d,18-24,Delta,ios,6-24m
4130a912f2bf7588,25-34,Aurora,ios,6-24m
81796bc540f99981,25-34,Aurora,android,5a+
d0622a718298633c,35-44,Boreal,ios,2-5a
bd5f7e1f6f5e980c,18-24,Aurora,ios,5a+
f00ff06cd709aaff,60+,Delta,android,2-5a
bd998988a86f8c8c,60+,Cerrado,android,2-5a
e348c429c4bb7def,18-24,Aurora,android,2-5a
3a6bebb4bfb2991e,35-44,Boreal,ios,5a+
5d90b810082131dd,45-59,Aurora,ios,6-24m
1c11ee7f66c9466d,18-24,Delta,android,6-24m
1675e99a2b1087cc,60+,Cerrado,android,5a+
75ffd8e9d125483c,25-34,Aurora,ios,2-5a
ff486cee100fccc1,25-34,Cerrado,android,<6m
11db7466f5bb86db,25-34,Aurora,ios,5a+
8a68da04acd358d0,60+,Boreal,ios,2-5a
7bc94e72ab1b97d8,45-59,Cerrado,ios,5a+
f9e164892cf6d7fe,45-59,Boreal,ios,6-24m
fbffa6f5a87041a7,60+,Aurora,android,6-24m
f45e8e1d5357c5b5,35-44,Delta,android,2-5a
aa9b8dfbdac77731,35-44,Aurora,android,<6m
d0a5a5cdc9204966,25-34,Aurora,ios,5a+
251329bb3867ee15,45-59,Aurora,ios,6-24m
72eb26119af69f44,45-59,Aurora,ios,<6m
a7ad76051a09f941,60+,Boreal,ios,2-5a
17d85d0efd1d5921,60+,Delta,android,2-5a
ee009586effcf2d0,60+,Delta,android,2-5a
c06fdb1fcb17cadd,45-59,Cerrado,android,6-24m
c7aceb7981b975a1,45-59,Aurora,ios,2-5a
e55ce4b38359637f,18-24,Boreal,android,6-24m
d1964524e980de50,25-34,Boreal,android,5a+
bc1e8f03d4691f33,35-44,Boreal,android,2-5a
3d8e2801742c8536,35-44,Boreal,android,6-24m
854a161d6c2d4a6e,25-34,Aurora,ios,<6m
36f087f0f6054b6c,60+,Aurora,ios,5a+
d116576f756a46bb,35-44,Cerrado,ios,<6m
6ace25c6254f2d06,25-34,Cerrado,android,2-5a
289a13407ded946d,18-24,Cerrado,android,<6m
c1124d9971d9b7e8,35-44,Boreal,ios,<6m
1006688ef613d932,45-59,Aurora,ios,2-5a
4291a3d754e0ec0e,60+,Boreal,android,2-5a
e52c9dbc9b067a14,45-59,Cerrado,ios,6-24m
e03274f1029f4d4e,25-34,Boreal,ios,5a+
e1791a871be3e062,25-34,Boreal,android,5a+
a31b2a2bbf4c8200,35-44,Aurora,android,5a+
8ef096f908cb5720,60+,Aurora,ios,2-5a
f597b6a4a8e041bb,18-24,Aurora,ios,5a+
b91cd3454da02237,45-59,Boreal,ios,2-5a
ddb296dc01dbbbf6,35-44,Aurora,android,2-5a
48bf43695058c38b,25-34,Aurora,android,<6m
c4d5a842d3f31647,18-24,Delta,ios,5a+
ae825cee5c602456,18-24,Boreal,android,<6m
c1b4a792887986c7,25-34,Aurora,android,2-5a
f073802faecb6ab3,18-24,Aurora,android,2-5a
7250b16b5686b7b2,35-44,Boreal,android,5a+
dc6ff380fdbbfb43,25-34,Delta,android,6-24m
2acb7d05e7db29c9,45-59,Aurora,android,5a+
b2e5f8adec46869d,25-34,Aurora,ios,6-24m
1264108908a4d8e8,25-34,Boreal,ios,5a+
24f6a83521b9f857,25-34,Boreal,ios,6-24m
a9ddf821122ab8be,45-59,Aurora,android,2-5a
2f66a3e4db309ecd,25-34,Boreal,ios,2-5a
fb5126a5440fa260,60+,Cerrado,ios,2-5a
f5dcbca2eba018ce,35-44,Cerrado,ios,5a+
7a7fd31ea6d2f0f3,25-34,Cerrado,android,6-24m
18f6420b90264040,35-44,Cerrado,android,5a+
b2a53d59b4230381,18-24,Aurora,android,6-24m
c3a27556901b1c95,18-24,Boreal,ios,5a+
78ffa47c632f7182,35-44,Aurora,android,6-24m
02c1514577025ff5,18-24,Aurora,ios,2-5a
067543bf8c4188b7,35-44,Cerrado,ios,5a+
5fd7d4f5ec164f0f,35-44,Boreal,ios,5a+
b1d855ee708fbc15,25-34,Aurora,android,6-24m
500edfa23c433237,60+,Delta,ios,2-5a
f3c6e9effee55c1f,45-59,Delta,android,5a+
9a63ca3830158fbc,18-24,Aurora,android,2-5a
b5820a2cab29be3f,35-44,Aurora,android,5a+
259e8dd501777b73,60+,Cerrado,android,5a+
7aaf44330b9db743,25-34,Aurora,ios,2-5a
e9e7466ecc8e0c55,25-34,Aurora,ios,5a+
a9275f5efc06c058,35-44,Aurora,android,<6m
05384470cb6f8e41,60+,Aurora,android,5a+
105620bc05eefffb,60+,Boreal,ios,5a+
7c3541de5c2b06b7,18-24,Delta,ios,5a+
edd43afabfde9771,45-59,Aurora,android,2-5a
9272fa932411553e,25-34,Cerrado,android,5a+
2ce5cf277c800951,60+,Aurora,ios,2-5a
16ac16d1d4906012,25-34,Boreal,android,5a+
d8f069419809ee1e,45-59,Boreal,android,5a+
48473f5530557683,35-44,Boreal,android,5a+
9d7a62a78dc673a8,35-44,Aurora,android,2-5a
437dad60fecbf289,45-59,Aurora,ios,2-5a
ec007fdf6baccfa6,45-59,Aurora,android,2-5a
a8b5260335f145a7,35-44,Aurora,android,2-5a
44eb7354d7f5e77a,45-59,Aurora,ios,2-5a
f3a680bed1a4ada5,25-34,Cerrado,ios,2-5a
9a2e77c534c29684,25-34,Aurora,ios,6-24m
4b611af7c187b41e,25-34,Aurora,android,5a+
72ddec8040f7a97a,18-24,Delta,ios,2-5a
d22b4a8ff2788485,25-34,Aurora,android,2-5a
99af0cb7e802448f,45-59,Boreal,android,5a+
bd9d8bdcc20197cd,45-59,Aurora,android,5a+
157030856025c4df,25-34,Cerrado,ios,<6m
f47fb99f911c1e5f,35-44,Aurora,android,5a+
d402204f32004599,60+,Aurora,android,<6m
85fae7342983b899,35-44,Cerrado,android,5a+
043fcaf1048d7eab,25-34,Cerrado,android,5a+
890d6c534d6aa957,25-34,Boreal,android,<6m
e76abf54d25a4119,25-34,Aurora,android,6-24m
53b0e7c4bb736696,25-34,Cerrado,android,5a+
b8f58f31d74e129e,45-59,Cerrado,android,2-5a
426655f11bb30467,45-59,Aurora,android,5a+
5229304512ad3033,18-24,Boreal,android,2-5a
527aeae137decbfe,18-24,Aurora,ios,6-24m
e26bf11d2f219837,60+,Aurora,android,2-5a
7122fd594754c0f9,60+,Cerrado,ios,6-24m
fd6f94cc16f91b3f,45-59,Boreal,ios,2-5a
310b3dfb24b4afe1,60+,Aurora,ios,6-24m
1f7d7b2ed1705014,25-34,Boreal,android,5a+
eef5e664693a5c7a,45-59,Boreal,android,2-5a
d925c19d62a1e40f,25-34,Aurora,ios,2-5a
934fb1f68f7efd22,25-34,Aurora,android,6-24m
0027aa8b47871097,45-59,Aurora,android,2-5a
e701f9c9120931ed,60+,Boreal,android,2-5a
1c5c636af48a034b,25-34,Aurora,android,6-24m
8df4ab259cefb461,60+,Aurora,ios,2-5a
852dc0dc8d18d541,18-24,Delta,android,5a+
9a5fdb6c993292ad,25-34,Delta,ios,2-5a
26fba81dc7208e16,45-59,Aurora,android,2-5a
1b873322b45ca50b,45-59,Aurora,ios,2-5a
1d528a3fb895449b,35-44,Cerrado,android,5a+
524582dd1ec641be,35-44,Boreal,android,2-5a
9c52a270d64ac287,35-44,Cerrado,ios,2-5a
7fa2825ffe3b5eb8,45-59,Boreal,android,5a+
3d390d211103cb34,35-44,Boreal,ios,2-5a
9ab704c5ab25fecb,18-24,Boreal,android,6-24m
92484d7a0b9c7dcc,45-59,Cerrado,ios,2-5a
b1054154aae4b5c4,35-44,Aurora,android,<6m
9240979b5c1982d9,18-24,Aurora,android,2-5a
a508553b40778feb,25-34,Aurora,android,6-24m
7c02f9c17f0954ad,45-59,Aurora,android,6-24m
7778db9348d7879e,35-44,Boreal,ios,5a+
6aedd440b143cbb3,25-34,Boreal,ios,<6m
1a9c882c171ccd18,60+,Aurora,android,2-5a
af23f9bfd911430b,25-34,Cerrado,android,6-24m
3a16789dbc336452,35-44,Aurora,android,5a+
2278878554a08bef,25-34,Cerrado,ios,6-24m
ef51b79c5c28673d,45-59,Aurora,ios,2-5a
f1a0dbe0379440b2,45-59,Boreal,ios,2-5a
6e7f103ad289f452,35-44,Aurora,android,5a+
774bd70e9396634f,25-34,Aurora,android,5a+
fa7bb567b3ce81a8,60+,Cerrado,ios,5a+
932e04ba5d54b625,45-59,Aurora,ios,5a+
44375e8f68958b34,35-44,Boreal,ios,2-5a
bc177ce6dbd54338,35-44,Aurora,ios,5a+
929433c505085068,18-24,Boreal,ios,2-5a
77afbc39498a0292,60+,Aurora,android,6-24m
432bafd889cb1a59,45-59,Aurora,android,5a+
b36293b1d24154bc,35-44,Cerrado,ios,<6m
c69dcceb40bb12ff,45-59,Boreal,ios,6-24m
5190c3ae692d6f70,25-34,Boreal,android,5a+
df9df2cd092c2144,45-59,Aurora,android,5a+
761cd48bf5f2315e,35-44,Boreal,android,6-24m
a735ed8b4b2b5499,25-34,Aurora,android,2-5a
a46080d3fb0b3897,35-44,Aurora,android,2-5a
16f2885b187fac3c,25-34,Cerrado,ios,<6m
b4de4e6193dfe4fa,35-44,Boreal,ios,<6m
ffc2cc4a6f952a87,18-24,Cerrado,android,2-5a
4520e83fc7ddf105,45-59,Delta,ios,5a+
bbf5e2d89fb114ab,18-24,Boreal,android,2-5a
d01f7064b2511231,18-24,Cerrado,android,2-5a
164a97c541df3472,45-59,Boreal,ios,2-5a
ccf803f50926afcc,25-34,Aurora,android,5a+
0925ade148f4ab00,25-34,Boreal,android,<6m
8489dc0ae337c10a,60+,Aurora,ios,6-24m
513d7418b15387c0,45-59,Aurora,android,6-24m
41bbd371dfa5cdb3,45-59,Aurora,ios,5a+
07ef270c014e1980,25-34,Boreal,ios,5a+
f609d456df119d86,45-59,Cerrado,android,5a+
4895fb1b188c001c,45-59,Aurora,android,5a+
5a8ed6e7d229c05f,35-44,Cerrado,android,2-5a
71aed6f754a55400,60+,Cerrado,ios,2-5a
337edc77b618e76f,35-44,Cerrado,android,6-24m
880c1f174389d5c5,25-34,Delta,android,2-5a
b63a6f91dfd0ae8a,18-24,Aurora,android,5a+
f7c665f4b0b5266a,60+,Boreal,android,<6m
03df5e8bb6aad804,18-24,Boreal,ios,5a+
fcc60eb5ccd7cedd,25-34,Aurora,android,6-24m
70ee3d3ea755beb1,60+,Cerrado,ios,5a+
75c690f8c4ef6aad,45-59,Aurora,android,2-5a
7b0f89655836d7f2,35-44,Aurora,ios,6-24m
4438016947297351,25-34,Cerrado,android,5a+
f7814e17ffd37d13,18-24,Boreal,android,6-24m
5b0ac0960f8190c3,35-44,Aurora,ios,5a+
6b6761c1fc341399,18-24,Aurora,ios,2-5a
ceda0b4f47403f0c,35-44,Aurora,android,2-5a
7530fc00b4b4cc79,35-44,Boreal,ios,5a+
a50e2e2b8f1e7815,45-59,Aurora,android,2-5a
812fb67ebaa519e5,45-59,Aurora,android,2-5a
802b336df68cd116,18-24,Delta,android,6-24m
b01bd484ff5d8d3b,18-24,Boreal,ios,6-24m
54e3417ad368f43b,35-44,Aurora,ios,5a+
6776081b42b986df,45-59,Boreal,android,2-5a
491bbb66f6ecdd6f,45-59,Boreal,android,2-5a
fc35d15615116996,25-34,Boreal,android,6-24m
969b3570a6f6cc0c,45-59,Delta,ios,2-5a
757fecc0d419b743,35-44,Delta,android,6-24m
635608b7c49a5b5e,45-59,Boreal,ios,5a+
76a5a9f28623b371,60+,Aurora,android,2-5a
2cca3b45b23d9812,45-59,Aurora,android,2-5a
c67ddc4803fc0cd6,18-24,Aurora,ios,5a+
1fbbe28250da74ae,25-34,Cerrado,android,6-24m
f94182d8f8918d17,18-24,Aurora,android,5a+
b35981a017004e68,45-59,Aurora,ios,5a+
2b4aa3b2296be7fb,60+,Aurora,ios,2-5a
977dfdff3c80be39,25-34,Cerrado,android,<6m
fcfd89c7fea03df0,60+,Boreal,android,2-5a
eedbf9d36bad81af,60+,Boreal,ios,2-5a
a1d05d824f452f99,25-34,Boreal,ios,2-5a
188a83a99124ab39,45-59,Aurora,android,<6m
e9883b75c22ff98e,25-34,Aurora,ios,6-24m
b1aa22f03632d040,25-34,Delta,android,6-24m
0b088d573bd4b981,25-34,Aurora,android,5a+
376018a6cff3f4b0,45-59,Aurora,ios,<6m
5bf9bd3ee74c3d5d,25-34,Aurora,ios,5a+
6144d25605ae3f30,45-59,Aurora,ios,5a+
0e8ac7ecd764165d,45-59,Boreal,ios,5a+
e9e6b55002734e30,25-34,Delta,ios,<6m
71f4d83e7c2ac357,60+,Aurora,android,6-24m
e25fbc8769cc2f5b,60+,Cerrado,android,<6m
0f40b3dc45d5ff43,25-34,Aurora,android,5a+
665840ae8cf94f1c,45-59,Boreal,android,2-5a
5360d10ced6c4006,45-59,Aurora,android,6-24m
cf35f0fa9a7fa5d7,35-44,Aurora,android,5a+
b984351bdf9373ec,35-44,Cerrado,android,<6m
e8a1006d1a37be36,35-44,Delta,android,5a+
38dfef270ee6d855,35-44,Aurora,ios,<6m
b0a06fa37f8c2858,45-59,Aurora,android,<6m
4b6cb8933e4b5508,35-44,Boreal,android,6-24m
51818db897e5d5c2,45-59,Aurora,android,<6m
7f37807ee9fdeea2,25-34,Aurora,android,5a+
32fa8bf796f5b433,45-59,Boreal,android,6-24m
a4d004ba96a8b1ae,60+,Cerrado,ios,6-24m
469368c789dd4616,35-44,Aurora,ios,5a+
facdc11abfb93c7d,18-24,Aurora,ios,<6m
e8f17cbc5d1ff3fe,45-59,Cerrado,ios,<6m
d7bd1c847faf8987,45-59,Aurora,ios,2-5a
64330ed515c1f675,45-59,Delta,android,2-5a
28745898828bddd8,25-34,Aurora,android,2-5a
b4e9b5f5efbde915,18-24,Cerrado,android,<6m
2abcee7b4bce9309,25-34,Aurora,android,5a+
d8b77add154a9580,25-34,Aurora,android,<6m
65a7ae528595423f,35-44,Cerrado,ios,5a+
692375ec93c35b59,25-34,Aurora,android,6-24m
d38a2429928e98ba,45-59,Aurora,android,2-5a
4841501e24376e49,18-24,Aurora,android,2-5a
9661fd561728cca5,18-24,Aurora,android,5a+
c1292c69eb6ab02d,25-34,Boreal,ios,2-5a
7009634b7fa641bd,45-59,Boreal,android,<6m
2befd2b4708a7f47,35-44,Aurora,ios,<6m
8c5532fc7c985e35,25-34,Boreal,ios,6-24m
0b06d5cb75b4fa66,35-44,Aurora,android,2-5a
fefcc27f814ef352,25-34,Boreal,android,5a+
02e5c0c5069db156,45-59,Aurora,android,2-5a
6adafe8243582cb5,25-34,Aurora,android,6-24m
3fe78169803dbeb6,25-34,Aurora,android,2-5a
e219974a05fae63d,45-59,Aurora,android,5a+
19de3ef003c4e185,18-24,Aurora,ios,2-5a
21ff8fb9bcdead2b,25-34,Cerrado,ios,6-24m
561317645d11fec2,25-34,Aurora,ios,<6m
8c2a5725c9ce3721,45-59,Aurora,android,2-5a
4ca9a8bfe5369aee,60+,Aurora,android,5a+
2fae666ad0976fdb,25-34,Boreal,android,<6m
04e94a4fec440827,18-24,Cerrado,ios,5a+
7f2053fd34c27933,35-44,Cerrado,ios,2-5a
b0f2bdceeffaba40,45-59,Boreal,android,5a+
c28cdb6a9c5c77b9,35-44,Cerrado,ios,2-5a
573f3008d7453f6e,60+,Boreal,android,<6m
fd7ba46b83341a8d,18-24,Boreal,android,5a+
1e25e931a345642a,45-59,Boreal,ios,6-24m
8c6df768b00216e5,35-44,Aurora,ios,5a+
fbb7441678260de9,45-59,Boreal,ios,2-5a
7611f78d5a079924,25-34,Cerrado,ios,5a+
2f3da63fe1b950fe,35-44,Aurora,android,5a+
3dc6622c7476d3c4,25-34,Aurora,android,2-5a
e4bc42d031402888,25-34,Aurora,android,2-5a
6b08be1156669895,45-59,Aurora,android,6-24m
0d20a52048c2e52d,25-34,Aurora,android,5a+
84f482383e24e070,45-59,Cerrado,android,5a+
db12f930786b6584,35-44,Boreal,android,6-24m
e7a157cc3073d853,35-44,Aurora,ios,5a+
eacd8eb677201464,60+,Cerrado,android,2-5a
a1d59f3169af7920,35-44,Delta,ios,6-24m
2a246d17167e20e7,35-44,Aurora,android,2-5a
1afd3511dae38640,45-59,Boreal,android,6-24m
c76c0fd69da4be57,35-44,Aurora,android,5a+
11b5ebc1fa7c24a0,18-24,Cerrado,android,5a+
d9ed87269e165c90,25-34,Aurora,android,5a+
29bf7ff89638c7ce,45-59,Boreal,android,5a+
f0fa2688b34e4473,35-44,Boreal,ios,<6m
836602704e037a0a,35-44,Boreal,ios,6-24m
e0578a71c847f651,25-34,Aurora,android,6-24m
491d4dad71701d01,35-44,Cerrado,ios,6-24m
2f7bdd96d2275249,45-59,Cerrado,ios,6-24m
1f6256249ee108e3,45-59,Boreal,ios,6-24m
217f31e1e784dbac,25-34,Aurora,android,2-5a
a319c16834c07703,35-44,Aurora,ios,6-24m
c0cd12ea7c08b3cd,25-34,Boreal,android,2-5a
aba4dfeb5063a2b5,45-59,Delta,android,2-5a
c75bb2b038b95604,35-44,Aurora,ios,6-24m
df08c2287101a5ed,60+,Aurora,android,2-5a
fd98dc5c1faf2a7a,45-59,Aurora,android,6-24m
dce80c539d69b6df,35-44,Cerrado,android,6-24m
6a4dfac075df06ee,35-44,Aurora,ios,6-24m
a56121c57d4faaad,60+,Aurora,ios,5a+
b8d092c8f28073b4,45-59,Aurora,android,5a+
287e80887ebaac97,18-24,Boreal,ios,5a+
efc87fcf6adda4dc,60+,Cerrado,android,2-5a
9e1fa17c9f8dd49b,18-24,Aurora,ios,2-5a
0d4fb88c3bbfc049,18-24,Aurora,android,5a+
51f36f189847ca3f,60+,Aurora,android,2-5a
d6a8f95b7436534e,60+,Boreal,ios,2-5a
d8b3ec315d4fa3be,60+,Cerrado,android,6-24m
b58dc63955857d4b,60+,Boreal,android,<6m
9b1cbbad26c0d1a9,60+,Delta,ios,5a+
f743dbbe8fc6b3b6,60+,Boreal,android,<6m
e6ba68c28e53e384,25-34,Boreal,android,2-5a
b49638342a22768c,25-34,Boreal,android,2-5a
c8c50a19f0678c3e,25-34,Cerrado,android,2-5a
4563c20b7ce46afe,25-34,Aurora,ios,2-5a
c0f98a5d920bd8e0,45-59,Boreal,ios,2-5a
558e5930a092e0df,25-34,Delta,android,2-5a
1a46558a82469d24,60+,Boreal,android,5a+
8693d8d03987b4f6,25-34,Boreal,android,2-5a
dced4c76d12edaa1,45-59,Boreal,ios,2-5a
08bfd99e60019391,25-34,Delta,ios,2-5a
2167ac85bdd9f65c,45-59,Delta,android,<6m
1ebc260afa4fa4ab,35-44,Cerrado,ios,6-24m
8aa01817ec30d0b8,45-59,Boreal,android,2-5a
8b695a3f132bb73e,18-24,Aurora,android,2-5a
3f9c12dc37ca0c2b,45-59,Cerrado,android,5a+
7e23efa6afbfe894,60+,Aurora,ios,2-5a
7a306c4ab155ecdd,35-44,Aurora,ios,5a+
60a78d4b65b3dbbb,45-59,Aurora,android,5a+
841413e36b582427,25-34,Boreal,ios,2-5a
99d386b74df71f45,25-34,Aurora,android,<6m
a0a55a8fbe024f5b,25-34,Aurora,android,5a+
020ea0b93c2250b5,45-59,Boreal,ios,6-24m
4e06060f17433063,60+,Cerrado,android,6-24m
eddfcbb93dedaccc,45-59,Boreal,ios,2-5a
d34caf205c60ffa2,45-59,Boreal,ios,2-5a
802ad7ecdb553b9f,25-34,Aurora,ios,2-5a
70e51201ef4a90dd,45-59,Boreal,android,6-24m
7f14d7bed3a65bd7,18-24,Boreal,android,5a+
f4e0becf75d9a728,45-59,Aurora,ios,<6m
6fe77d13dea01702,60+,Cerrado,android,5a+
dc1bb9dd76437b25,45-59,Aurora,android,2-5a
1ff69d2e8e9bf6f5,60+,Boreal,ios,6-24m
7e5104f9f7816d90,18-24,Cerrado,android,2-5a
5c86afed06b1d2f6,35-44,Aurora,android,<6m
58fff4d7ccc9ea0e,35-44,Aurora,ios,2-5a
ea840375c84e46a9,60+,Delta,android,2-5a
097047c0cf89f385,45-59,Aurora,ios,6-24m
39021e8c7e2a84a9,35-44,Boreal,android,2-5a
b954e6750834f959,18-24,Aurora,ios,5a+
394d6b06517da896,25-34,Delta,ios,5a+
b15ead1212436baf,45-59,Aurora,android,2-5a
237e27d3324e81e9,35-44,Aurora,android,2-5a
b39b4b85e9473338,60+,Boreal,ios,2-5a
1e9b9ce7c2e44368,25-34,Boreal,android,6-24m
736c60bb7c5c38de,60+,Aurora,android,6-24m
1d4745aac5037a6f,18-24,Aurora,ios,6-24m
3cf17afe03b0d9a9,45-59,Aurora,ios,5a+
980442ef270055e4,45-59,Delta,ios,6-24m
ff3edf4b24f7cda6,25-34,Boreal,android,5a+
327ae4a911b03b93,18-24,Boreal,android,5a+
a8eda68df3179974,45-59,Boreal,android,6-24m
8a706b8eccc91c28,45-59,Cerrado,ios,2-5a
06a39f38955b778a,18-24,Aurora,android,6-24m
5a5dae7243dd2803,25-34,Delta,android,<6m
d155d835b59b704b,60+,Aurora,ios,5a+
e1895d064bb6ba68,35-44,Aurora,android,2-5a
1d2893cfa5f5776d,60+,Aurora,ios,5a+
15a67c56c5e3fb96,18-24,Aurora,android,2-5a
9c1b29507d5014e7,45-59,Aurora,android,5a+
5d574497dfd51397,25-34,Aurora,android,5a+
198592e4ce256ec1,25-34,Boreal,android,2-5a
67a2a6ef60246e75,25-34,Delta,ios,<6m
57e8f366c446d5bf,35-44,Aurora,android,5a+
be16b554d3f3c584,35-44,Boreal,android,5a+
1979a5d656444906,35-44,Aurora,android,5a+
1864286386bdbbb3,45-59,Aurora,android,5a+
541a5cebf5abaf6b,25-34,Boreal,android,5a+
dd144fe1aed6e2f8,45-59,Aurora,android,6-24m
f3494a2c7e013fbd,60+,Boreal,ios,5a+
